question,answer
how to deal with failure,"Accept it as a learning opportunity, reflect on what went wrong, and try again with a better strategy."
what is the tallest mountain in the world,"Mount Everest is the tallest mountain in the world, standing at 8,848 meters (29,029 feet)."
how to improve communication skills,"Practice active listening, maintain eye contact, read regularly, and engage in public speaking or discussions."
what is the speed of light,"The speed of light is approximately 299,792 kilometers per second (186,282 miles per second)."
how to stay healthy,"Eat a balanced diet, exercise regularly, get enough sleep, and manage stress effectively."
what is photosynthesis,"Photosynthesis is the process by which green plants use sunlight to make food from carbon dioxide and water."
how to stay focused while studying,"Eliminate distractions, use timers like Pomodoro, and study in a quiet environment with clear goals."
what is gravity,"Gravity is the force that attracts two bodies toward each other, especially the pull of the Earth on objects."
how to manage time effectively,"Prioritize tasks, set deadlines, avoid multitasking, and use planners or apps to organize your schedule."
what is a black hole,"A black hole is a region in space where gravity is so strong that not even light can escape from it."
how to develop self-confidence,"Set small goals, celebrate achievements, maintain good posture, and practice self-affirmations."
what is an ecosystem,"An ecosystem is a community of living organisms interacting with their environment."
how to learn a new language,"Practice daily, use apps, watch shows in the target language, and try speaking with native speakers."
what is artificial neural network,"An artificial neural network is a computing system inspired by the human brain’s network of neurons."
how to prepare for exams,"Review notes regularly, solve past papers, create a study plan, and take short breaks while studying."
what is the meaning of life,"The meaning of life is subjective, often involving purpose, relationships, growth, and contributing to society."
how to become a good leader,"Listen to others, lead by example, take responsibility, and motivate your team."
what is the ozone layer,"The ozone layer is a part of Earth's atmosphere that absorbs most of the sun's harmful ultraviolet radiation."
how to build good habits,"Start small, stay consistent, track your progress, and reward yourself for sticking with it."
what is data science,"Data science involves extracting insights from structured and unstructured data using scientific methods, algorithms, and systems."
how to be happy,"Practice gratitude, connect with others, engage in activities you enjoy, and take care of your mental and physical health."
what is empathy,"Empathy is the ability to understand and share the feelings of another person."
how to overcome procrastination,"Break tasks into small steps, remove distractions, use timers, and reward yourself for progress."
what is the stock market,"The stock market is where investors buy and sell shares of publicly traded companies."
how to start a business,"Start with a business idea, create a plan, register your business, and begin offering your product or service."
what is cryptocurrency,"Cryptocurrency is a digital currency that uses cryptography for secure and decentralized transactions."
how to improve memory,"Use association techniques, get enough sleep, eat brain-boosting foods, and practice active recall."
what is emotional intelligence,"Emotional intelligence is the ability to recognize, understand, and manage your own and others' emotions."
how to stop overthinking,"Practice mindfulness, challenge negative thoughts, focus on what you can control, and distract yourself with activities."
what is renewable energy,"Renewable energy comes from natural sources like sunlight, wind, and water, which are replenished constantly."
how to be more confident in public speaking,"Practice regularly, know your material, focus on your message, and engage with your audience."
what is a healthy diet,"A healthy diet includes fruits, vegetables, whole grains, lean proteins, and minimal processed foods."
how to make friends,"Be approachable, show genuine interest in others, join social groups, and be kind and patient."
what is e-learning,"E-learning is a method of learning using digital resources, often over the internet."
how to get good grades,"Pay attention in class, take notes, revise regularly, and ask questions when in doubt."
what is depression,"Depression is a mental health condition characterized by persistent sadness and loss of interest."
how to start meditation,"Find a quiet spot, sit or lie comfortably, focus on your breath, and start with just a few minutes a day."
what is the greenhouse effect,"The greenhouse effect is the warming of Earth’s atmosphere due to trapped heat from the sun by greenhouse gases."
how to reduce screen time,"Set screen limits, use apps that track usage, take regular breaks, and replace screen time with offline hobbies."
what is peer pressure,"Peer pressure is the influence from members of one's peer group to conform to their behavior or beliefs."
how to be a good listener,"Give full attention, avoid interrupting, show interest, and respond appropriately."
what is multitasking,"Multitasking is doing more than one task at the same time, often reducing productivity or focus."
how to build emotional resilience,"Stay optimistic, develop problem-solving skills, seek support, and practice self-care."
what is biodiversity,"Biodiversity refers to the variety of life in the world or a particular habitat or ecosystem."
how to manage anxiety,"Practice breathing exercises, talk to someone, exercise, and consider professional help if needed."
what is social media,"Social media refers to platforms like Facebook, Instagram, and Twitter used for connecting and sharing content online."
how to deal with loneliness,"Reach out to friends or family, join groups or activities, volunteer, and consider talking to a therapist."
what is digital marketing,"Digital marketing involves promoting products or services through online channels like search engines, social media, and email."
how to get motivated to work out,"Set clear goals, create a routine, listen to energizing music, and find a workout buddy."
hi,"hi there! how can i help you today?"
hello,"hello! what can i do for you?"
good morning,"good morning! how may i assist you?"
good afternoon,"good afternoon, how can i help you?"
good evening,"good evening, what can i do for you?"
hey,"hey! need any help?"
how are you,"i'm just a chatbot, but i'm here to help you!"
what's up,"i'm here to assist you with any questions you have!"
can you help me,"of course! what do you need help with?"
is anyone there,"yes, i'm here! how can i assist you?"
thank you,"you're welcome!"
thanks,"anytime! happy to help."
bye,"goodbye! have a great day!"
see you,"see you soon!"
what is your name,"i'm your virtual assistant chatbot!"
who created you,"i was created to assist and answer your questions anytime!"
what is ai,"artificial intelligence (ai) is the simulation of human intelligence in machines that are programmed to think and learn."
how to stay motivated,"set clear goals, reward yourself for progress, and surround yourself with positive influences."
what is machine learning,"machine learning is a branch of ai that allows systems to learn and improve from experience without being explicitly programmed."
how to boost self-esteem,"practice self-love, focus on your strengths, and avoid comparing yourself to others."
what is climate change,"climate change refers to long-term changes in temperature, weather patterns, and environmental conditions caused largely by human activities."
how to improve concentration,"remove distractions, get enough sleep, and try brain exercises or meditation."
what is blockchain,"blockchain is a digital ledger of transactions that is decentralized and secure."
how to handle stress,"practice relaxation techniques, talk to someone, and take breaks when needed."
what is a resume,"a resume is a document that outlines your education, skills, and work experience."
how to crack an interview,"research the company, practice common questions, dress professionally, and be confident."
what is coding,"coding is the process of writing instructions for computers using programming languages."
how to become a data scientist,"learn programming, statistics, machine learning, and gain experience with real datasets."
what is the internet,"the internet is a global network that connects computers and allows the exchange of data and communication."
how to make a budget,"list your income and expenses, set saving goals, and track your spending."
what is a virus,"a virus is a tiny infectious agent that replicates only inside the living cells of an organism."
how to write a cover letter,"start with a greeting, explain your interest in the job, highlight your skills, and close professionally."
what is meditation,"meditation is a practice of focusing the mind to achieve relaxation and mental clarity."
how to be more productive,"plan your day, prioritize tasks, avoid multitasking, and take short breaks."
what is a vaccine,"a vaccine is a substance that helps the body develop immunity against diseases."
how to stay positive,"practice gratitude, limit negative inputs, and engage in activities that make you happy."
how to write a resume,"highlight your skills, education, and experience in a clear and concise format."
how to switch careers,"identify your transferable skills, gain relevant experience, and update your resume accordingly."
how to negotiate a salary,"research the market value, be confident, and clearly state your expectations."
how to find a job,"use job portals, attend networking events, and apply to companies directly."
how to prepare for hr interview,"be honest, know your resume, and practice common hr questions."
how to lose weight,"eat a balanced diet, exercise regularly, and stay hydrated."
how to improve sleep quality,"avoid screens before bed, keep a consistent sleep schedule, and create a relaxing environment."
how to manage stress,"meditate, exercise, and talk to someone you trust."
how to stay fit,"exercise regularly, eat well, and avoid unhealthy habits."
how to build mental strength,"practice resilience, challenge negative thoughts, and take care of your emotional health."
how to study effectively,"use active recall, space out your study sessions, and take breaks."
how to concentrate while studying,"minimize distractions, take breaks, and use focus techniques like Pomodoro."
how to score high in exams,"revise regularly, solve previous year papers, and manage your time well."
how to write a research paper,"choose a topic, do research, organize your thoughts, and cite sources properly."
how to manage school and hobbies,"create a balanced schedule and set time for both study and relaxation."
how to maintain a friendship,"communicate regularly, show appreciation, and support each other."
how to express feelings,"be honest, respectful, and choose the right time and place."
how to resolve conflicts,"listen actively, stay calm, and work together to find a solution."
how to deal with breakups,"give yourself time, seek support, and focus on self-care."
how to talk to new people,"start with small talk, show interest, and be yourself."
how to manage daily tasks,"make a to-do list, prioritize, and avoid multitasking."
how to wake up early,"sleep on time, avoid screens before bed, and set a consistent wake-up routine."
how to save money,"track your spending, avoid impulse buying, and set a savings goal."
how to cook simple meals,"start with basic recipes and gradually explore new dishes."
how to stay organized,"declutter regularly, use planners, and stick to routines."
what is the internet,"the internet is a global network that connects computers for sharing information."
what is a smartphone,"a smartphone is a mobile device that combines phone and computer features."
what is climate change,"climate change refers to long-term changes in temperature and weather patterns."
what is the capital of india,"the capital of india is new delhi."
who is the president of usa,"as of now, the president of the usa is joe biden."
what is programming,"programming is the process of writing code to create software applications."
how to be productive,"set daily goals, eliminate distractions, and take short breaks for focus."
how to stop bad habits,"replace them with good ones, stay consistent, and track your progress."
how to be kind,"treat others with respect, offer help, and practice empathy daily."
how to build discipline,"create routines, stay focused on goals, and push through discomfort."
how to be successful,"work hard, keep learning, stay positive, and never give up."
how to deal with sadness,"talk to someone, express your feelings, and do activities you enjoy."
how to control anger,"take deep breaths, pause before reacting, and express yourself calmly."
how to boost self-esteem,"focus on your strengths, avoid comparisons, and celebrate small wins."
how to calm your mind,"practice meditation, go for a walk, or listen to calming music."
how to handle pressure,"stay organized, take breaks, and believe in your ability to overcome challenges."
how to clean your room,"start with organizing, dust and sweep, and remove clutter regularly."
how to do laundry,"separate clothes by color, choose the right settings, and use detergent."
how to cook rice,"rinse the rice, add water, and cook until soft or use a rice cooker."
how to budget money,"track your income and expenses, set limits, and save regularly."
how to travel on a budget,"book early, use public transport, and look for affordable stays."
what is the time,"i'm not able to tell the current time, but you can check your device's clock."
what is today's date,"please check your device or calendar for the current date."
what is your name,"i'm your virtual assistant, here to help you!"
what do you do,"i answer your questions and help you with information or guidance."
how do you work,"i use artificial intelligence to understand and respond to your queries."
what is 2 plus 2,"2 plus 2 equals 4."
what is water,"water is a colorless, tasteless liquid essential for all life."
what is air,"air is a mixture of gases we breathe, mainly nitrogen and oxygen."
what is fire,"fire is the visible effect of combustion – a chemical reaction that releases heat and light."
what is electricity,"electricity is the flow of electric charge used to power devices and appliances."
how to wake up early,"sleep early, use an alarm, and avoid screens before bed."
how to sleep better,"maintain a sleep routine, avoid caffeine late, and create a calm environment."
how to start journaling,"write daily thoughts or goals, and be honest with yourself."
how to set goals,"make goals specific, measurable, and achievable within a time frame."
how to stay motivated,"remind yourself of your 'why', set small targets, and celebrate progress."
how to drink more water,"carry a bottle, set reminders, and flavor water with lemon or mint."
how to lose weight,"eat balanced meals, exercise regularly, and get enough sleep."
how to gain weight,"increase healthy calories, eat more frequently, and include strength training."
how to reduce stress,"try breathing exercises, listen to music, or do physical activities."
how to boost energy,"eat well, stay hydrated, move often, and get quality sleep."
how to be respectful,"listen to others, speak kindly, and appreciate differences."
how to say sorry,"be honest, express regret, and try to make things right."
how to apologize,"say sorry clearly, admit your mistake, and ask how you can fix it."
how to thank someone,"say 'thank you' sincerely and show appreciation."
how to be polite,"use words like 'please', 'thank you', and respect others' space and time."
how to take screenshot,"on windows, press 'prt sc' or 'windows + shift + s'; on mac, press 'command + shift + 4'."
how to copy and paste,"use 'ctrl + c' to copy and 'ctrl + v' to paste."
how to create email,"go to gmail or yahoo, click sign up, and follow the steps to register."
how to use google,"type your question or keywords into the search bar and press enter."
how to make a pdf,"use a word processor to create your content, then choose 'save as pdf'."

